series,trial,rate_per_s,config,repetition,expected_arrivals,measured_successes,measured_success_per_s,eventual_success_fraction,success_per_s_including_drain,drain_duration_s,success,http_rejection,http_error,timeout,connection_failure,protocol_error,generator_drop,generator_limited,warmup_generator_limited,peak_inflight,gateway_exit_status,resource_boundary_lag_ms,dispatch_lag_p50_ms,dispatch_lag_p95_ms,dispatch_lag_p99_ms,dispatch_lag_max_ms,dispatch_lag_over_1000ms,dispatch_lag_samples,response_latency_p50_ms,response_latency_p95_ms,response_latency_p99_ms,response_latency_max_ms,response_latency_over_1000ms,response_latency_samples,scheduled_arrival_latency_p50_ms,scheduled_arrival_latency_p95_ms,scheduled_arrival_latency_p99_ms,scheduled_arrival_latency_max_ms,scheduled_arrival_latency_over_1000ms,scheduled_arrival_latency_samples,all_dispatched_latency_p50_ms,all_dispatched_latency_p95_ms,all_dispatched_latency_p99_ms,all_dispatched_latency_max_ms,all_dispatched_latency_over_1000ms,all_dispatched_latency_samples,tcp_connect_p50_ms,tcp_connect_p95_ms,tcp_connect_p99_ms,tcp_connect_max_ms,tcp_connect_over_1000ms,tcp_connect_samples,connect_to_header_p50_ms,connect_to_header_p95_ms,connect_to_header_p99_ms,connect_to_header_max_ms,connect_to_header_over_1000ms,connect_to_header_samples,header_to_body_p50_ms,header_to_body_p95_ms,header_to_body_p99_ms,header_to_body_max_ms,header_to_body_over_1000ms,header_to_body_samples,slow_success_longest_tcp_connect,slow_success_longest_connect_to_header,slow_success_longest_header_to_body,measurement_backend_cpu_seconds,measurement_backend_cpu_percent_one_core,measurement_backend_peak_rss_bytes,measurement_gateway_cpu_seconds,measurement_gateway_cpu_percent_one_core,measurement_gateway_peak_rss_bytes,measurement_generator_cpu_seconds,measurement_generator_cpu_percent_one_core,measurement_generator_peak_rss_bytes,measurement_ListenOverflows,measurement_ListenDrops,measurement_TCPSynRetrans,measurement_RetransSegs,measurement_TCPTimeouts,measurement_nr_throttled,drain_backend_cpu_seconds,drain_backend_cpu_percent_one_core,drain_backend_peak_rss_bytes,drain_gateway_cpu_seconds,drain_gateway_cpu_percent_one_core,drain_gateway_peak_rss_bytes,drain_generator_cpu_seconds,drain_generator_cpu_percent_one_core,drain_generator_peak_rss_bytes,drain_ListenOverflows,drain_ListenDrops,drain_TCPSynRetrans,drain_RetransSegs,drain_TCPTimeouts,drain_nr_throttled
smoke,1600-1-direct.json.gz,1600,direct,1,3200,3066,1533.0,0.973125,950.720745121601,1.2754097520000016,3114,0,0,86,0,0,0,True,False,146,,-0.9680820000141921,0.43077243066453264,1.9232138603366822,53.524075682566796,67.21635562497931,0,3200,3.392624999975169,5.901691999984847,1017.0080233699999,1845.459001000023,44,3114,3.9444396377254805,6.850286642651508,1017.1854276582562,1854.826451513177,44,3114,3.4180415000122366,11.128548549999188,2000.288977250002,2003.8025009999958,130,3200,0.1350625000071659,0.5330648000111178,1011.1486332899788,1061.911125999984,44,3114,3.206603999998947,4.815597899997215,10.240339540003726,830.0692090000157,0,3114,0.003042000003006251,0.2108499999891932,0.6123160000063869,4.734458000001496,0,3114,44,0,0,0.95,47.52300308193512,19619840,,,,0.5700000000000001,28.513801849161077,28938240,130,130,2,2,2,0,0.030000000000000027,2.350401205729467,19619840,,,,0.040000000000000036,3.133868274305956,28966912,162,162,128,179,156,0
smoke,1600-1-one.json.gz,1600,one,1,3200,3193,1596.5,1.0,1596.8095736734035,0.003996000999990201,3200,0,0,0,0,0,0,False,False,13,0,-0.9408740000083071,0.42394686420345806,1.5419057068223816,1.9800795506596491,2.8288186934121313,0,3200,3.385687499985579,4.57703330001209,5.448607000024599,7.450083999998469,0,3200,3.911960166933028,5.6013834359007095,6.492492460828125,8.875472731579407,0,3200,3.385687499985579,4.57703330001209,5.448607000024599,7.450083999998469,0,3200,0.13933350000172595,0.3973743499855689,0.73321675001381,1.150499999994281,0,3200,3.2216254999895,4.310727749994215,4.965824590011617,6.646667000012485,0,3200,0.0028955000033192846,0.006416050017321595,0.010667409997893182,0.11729199999876982,0,3200,0,0,0,0.8900000000000001,44.520944299473605,19402752,0.25,12.505883230189212,3592192,0.54,27.0127077772087,29413376,0,0,0,0,0,0,0,0.0,19357696,0,0.0,3592192,0,0.0,29413376,0,0,0,0,0,0
smoke,1600-1-four.json.gz,1600,four,1,3200,3193,1596.5,1.0,1596.4361223861351,0.004464791999993167,3200,0,0,0,0,0,0,False,False,11,0,-0.866833000003453,0.3863048610154465,1.4120661668026515,1.8961276122181523,2.47590913934755,0,3200,3.273583000009239,4.359898250002914,4.871498000011062,5.657833000014989,0,3200,3.7625167083838704,5.346028222442612,6.225327425285614,7.360912679386047,0,3200,3.273583000009239,4.359898250002914,4.871498000011062,5.657833000014989,0,3200,0.15525050001485852,0.3311920000129477,0.44091741999181977,0.8528330000103779,0,3200,3.112542000010876,4.123010699990459,4.624450589984691,5.285165999993069,0,3200,0.003207999981214016,0.005584000007274881,0.008334410000259149,0.07954200000881428,0,3200,0,0,0,0.9299999999999999,46.520162606056225,19390464,0.31,15.50672086868541,3796992,0.6000000000000001,30.013008132939504,29282304,0,0,0,0,0,0,0,0.0,19365888,0,0.0,3796992,0,0.0,29282304,0,0,0,0,0,0
smoke,2400-1-four.json.gz,2400,four,1,4800,4791,2395.5,1.0,2394.9500466508366,0.004217167999996718,4800,0,0,0,0,0,0,False,False,16,0,-0.7133320000036747,0.324531210297863,1.0061696001990672,1.6402592556363487,2.1840216864532067,0,4800,3.0455625000058717,3.997731900004453,4.560990000009897,5.929458999986537,0,4800,3.5024693382448504,4.691533989395663,5.407269772508498,6.801653517336717,0,4800,3.0455625000058717,3.997731900004453,4.560990000009897,5.929458999986537,0,4800,0.12424999999893771,0.24130769998151896,0.32740374998383065,0.7894590000034896,0,4800,2.9150000000015552,3.818650299977833,4.3289343400195435,5.686916999991354,0,4800,0.002207999983738773,0.004211049996172286,0.006416999980558558,0.021583000005875874,0,4800,0,0,0,1.0,50.017839662801265,19501056,0.35,17.506243881980442,3809280,0.56,28.009990211168713,30093312,0,0,0,0,0,0,0.010000000000000009,202.81918669504537,19423232,0,0.0,3809280,0,0.0,30105600,0,0,0,0,0,0
smoke,2400-1-one.json.gz,2400,one,1,4800,4785,2392.5,1.0,1934.4091545816382,0.48137783500001774,4800,0,0,0,0,0,0,False,False,24,0,-0.9672070000021904,0.3249630382491091,1.0599975296520032,1.6780469396444484,2.4012596715833574,0,4800,3.0644375000008495,4.168670199999269,5.57725683999479,1074.062459000004,12,4800,3.531056027313298,4.917047608723783,6.116902090546969,1074.648228293985,12,4800,3.0644375000008495,4.168670199999269,5.57725683999479,1074.062459000004,12,4800,0.12225000000398722,0.257185750001554,0.48402792000018796,1.910749999979089,0,4800,2.9358749999772726,3.9564896000015906,4.895580660011674,1072.9367090000037,12,4800,0.002209000001585082,0.004332999992584519,0.007207999999536696,0.022041999983457572,0,4800,0,12,0,1.02,51.02467571176063,19505152,0.29,14.507015643539784,3604480,0.5699999999999994,28.513789368336795,30957568,12,12,5,5,5,0,0.010000000000000009,2.073204683215049,19484672,0,0.0,3604480,0.010000000000000675,2.073204683215187,30957568,0,0,7,7,7,0
smoke,2400-1-direct.json.gz,2400,direct,1,4800,4781,2390.5,1.0,2064.953320949345,0.32450775100002716,4800,0,0,0,0,0,0,False,False,26,,-0.5056659999809199,0.24871904055521554,1.0449287753560808,1.6449286993685834,2.4588915696063998,0,4800,3.1761455000065553,4.367052400012028,4.951309160019268,1225.7593339999746,10,4800,3.56199206330092,5.000977690553968,5.842433752181472,1226.242882474976,10,4800,3.1761455000065553,4.367052400012028,4.951309160019268,1225.7593339999746,10,4800,0.1499169999874539,0.30663124997971636,0.42654892999593147,1014.3944589999876,10,4800,2.981104500008769,4.0317371500123045,4.609204079998509,211.30754199998592,0,4800,0.0031659999990552024,0.27287915000755447,0.5833774999908314,2.725457999986247,0,4800,10,0,0,1.3900000000000001,69.51757633737745,19488768,,,,0.7400000000000002,37.009357186805275,30994432,10,10,0,0,0,0,0.020000000000000018,6.153592114629385,19460096,,,,0.009999999999999787,3.076796057314624,30994432,5,5,10,11,10,0
smoke-confirm,1600-1-direct.json.gz,1600,direct,1,8000,7991,1598.2,1.0,1415.6517936671253,0.6511071689999994,8000,0,0,0,0,0,0,False,False,15,,-0.5515390000141451,0.36997912610695494,1.5388134463021805,2.020893693843946,3.562455875424348,0,8000,3.37804149999954,4.689601750014139,5.507546160003697,1057.130501000017,3,8000,3.86464501321484,5.746524292756613,6.710757815274639,1057.18627502244,3,8000,3.37804149999954,4.689601750014139,5.507546160003697,1057.130501000017,3,8000,0.1620414999906643,0.5152020499920812,0.86703749999947,1053.9205839999968,3,8000,3.157125000001315,4.233246149995307,4.925837169987743,7.658042000002752,0,8000,0.00395899999739413,0.2702541499983454,0.6453234200085992,1.8717080000101305,0,8000,3,0,0,2.7300000000000004,54.606023470315925,19484672,,,,1.6099999999999999,32.20355230300682,34144256,3,3,2,2,2,0,0,0.0,19415040,,,,0.020000000000000018,3.0690911905990523,34156544,0,0,1,1,1,0
smoke-confirm,1600-1-one.json.gz,1600,one,1,8000,7993,1598.6,1.0,1598.7164963601087,0.004014168999987078,8000,0,0,0,0,0,0,False,False,11,0,0.08358599998814498,0.39783905418903487,1.473944684125127,1.9330809583623811,2.6448694926612006,0,8000,3.340229000002637,4.381375000008575,4.831012499995784,5.9353749999791034,0,8000,3.850466479005263,5.360620270438836,6.043467632861705,7.226433304563216,0,8000,3.340229000002637,4.381375000008575,4.831012499995784,5.9353749999791034,0,8000,0.14983349998965423,0.3134663499949284,0.4155020900028558,0.9506250000017644,0,8000,3.1845625000103155,4.166710100012938,4.602519080000891,5.663416999993842,0,8000,0.003207999981214016,0.0055410000072697585,0.009292409987378968,0.04841699998792137,0,8000,0,0,0,2.24,44.79925108195992,19419136,0.67,13.399775993264797,3608576,1.3600000000000003,27.199545299761386,35676160,0,0,0,0,0,0,0.009999999999999787,254.4151847194806,19402752,0,0.0,3608576,0,0.0,35676160,0,0,0,0,0,0
smoke-confirm,1600-1-four.json.gz,1600,four,1,8000,7987,1597.4,1.0,1390.646883596899,0.7527184610000006,8000,0,0,0,0,0,0,False,False,19,0,-0.41224800000350115,0.4095562445043015,1.5595748634421653,1.982441422329712,4.139294591434918,0,8000,3.284875000005627,4.487923200005639,5.327550330003419,1051.0403749999853,5,8000,3.8295844685717384,5.5070838387434495,6.485240267944754,1051.1802257276536,5,8000,3.284875000005627,4.487923200005639,5.327550330003419,1051.0403749999853,5,8000,0.14504150000516347,0.35799339999584856,0.6320988299995637,1.755707999990591,0,8000,3.124583000001394,4.213433300006386,4.942342679992127,1050.790417000002,5,8000,0.0030410000135816517,0.006667000008064861,0.011750409998685436,0.10008300000663439,0,8000,0,5,0,2.2100000000000004,44.20364457281361,19554304,0.76,15.201253337257166,3821568,1.3499999999999996,27.002226322759434,35680256,5,5,2,2,2,0,0.009999999999999787,1.3277907646705365,19505152,0,0.0,3821568,0.019999999999999574,2.655581529341073,35680256,0,0,3,3,3,0
smoke-confirm,2400-1-four.json.gz,2400,four,1,12000,11983,2396.6,0.9996666666666667,1989.8497911442262,1.0285957529999905,11996,0,0,4,0,0,0,False,False,59,0,-0.754580999995369,0.3374245847517159,1.0585537664432556,1.7901965145109853,12.606612310905462,0,12000,3.04608300000109,4.253094249989658,5.6654892999986695,1466.9886679999993,61,11996,3.500455337396261,4.989333589864543,6.872460272695063,1471.044600850691,61,11996,3.0460830000151873,4.25680034997954,5.724522499986059,1999.7836670000029,65,12000,0.1296454999959451,0.2795102500099347,0.8203329999801667,3.9620000000013533,0,11996,2.9108745000031604,3.969937750007091,5.115264599989189,1465.1630420000004,61,11996,0.0022499999945466698,0.004500000017117145,0.007583050012271996,0.049834000009013835,0,11996,0,61,0,2.5799999999999996,51.607788451323415,19664896,0.92,18.402777277216106,3948544,1.4800000000000004,29.604467793782444,38473728,105,105,64,84,68,0,0,0.0,19615744,0,0.0,3948544,0.019999999999999574,1.9429730908310803,38486016,0,0,5,5,5,0
smoke-confirm,2400-1-one.json.gz,2400,one,1,12000,11593,2318.6,0.9688333333333333,1800.6486221008506,1.4565622949999693,11626,365,0,9,0,0,0,False,False,60,0,-0.4276640000284715,0.3361468408853625,1.3178481506088013,1.8949230170678404,5.952582055485891,0,12000,3.118124999986776,4.393072749977023,9.185062500023378,1462.3567930000263,82,11626,3.6014284700006556,5.289483893332601,10.179379554288971,1463.5879255319805,82,11626,3.1056255000123656,4.386643749995756,9.831362499994647,2000.0107509999907,91,12000,0.12835399999767105,0.3099892499847101,0.8148222500210522,6.865333999996892,0,11626,2.9809379999790053,4.135302250020345,8.690312000013137,1461.9341669999812,82,11626,0.0022919999773876043,0.004499999988638592,0.008188000037989696,0.16524999995226608,0,11626,0,82,0,2.55,51.004362545941056,19603456,0.75,15.00128310174737,3702784,1.4800000000000004,29.602531987448156,41263104,148,148,80,114,94,0,0.03000000000000025,2.0590395846372678,19517440,0.010000000000000009,0.6863465282124175,3702784,0.049999999999998934,3.4317326410620113,41263104,32,32,20,47,37,0
smoke-confirm,2400-1-direct.json.gz,2400,direct,1,12000,11922,2384.4,0.99925,1740.0753542570678,1.8910808780000252,11991,0,0,9,0,0,0,False,False,84,,-0.8624980000035976,0.25748014886062265,1.120933286867738,1.6989046905987883,5.400654592385536,0,12000,3.1448750000322434,4.44631249999361,7.5791128000045935,1856.1250839999848,69,11991,3.5506157409040497,5.175430411043294,8.89869134869096,1856.4119706896236,69,11991,3.145562500008964,4.455419099974733,8.267190499964967,2006.7650849999827,78,12000,0.14391599995633442,0.30691599999954633,0.7288288999579463,1066.8666670000002,69,11991,2.9640409999838084,4.115562500004444,5.799462200019394,825.8850839999923,0,11991,0.003084000013586774,0.26033349999465827,0.5832409999698037,2.7396670000143786,0,11991,69,0,0,3.35,67.01155946720351,19693568,,,,1.7699999999999996,35.40610753938812,40861696,78,78,9,16,16,0,0.05999999999999961,3.17134226960071,19693568,,,,0.060000000000002274,3.171342269600851,40865792,145,145,69,150,109,0
matrix,1600-1-direct.json.gz,1600,direct,1,48000,47993,1599.7666666666667,1.0,1599.806818153999,0.003622597000003225,48000,0,0,0,0,0,0,False,False,60,,-0.6766109999603032,0.35649547560024075,1.5222484817365969,1.9814472811320603,16.73864034453436,0,48000,3.41370800004006,4.771506250002813,6.189952260039034,1482.8519170000036,133,48000,3.884350167766854,5.790201902742866,7.308854680149945,1491.3454028237938,133,48000,3.41370800004006,4.771506250002813,6.189952260039034,1482.8519170000036,133,48000,0.17191599999932805,0.4585020999793643,0.8612525000132888,1065.0870839999698,133,48000,3.1845834999717226,4.3163812499756204,5.313417420023161,418.1179999999913,0,48000,0.0040829999647939985,0.2859601000063777,0.6703381600061593,8.400209000001269,0,48000,133,0,0,17.12,57.067953760175314,19607552,,,,9.950000000000001,33.16741471458788,54501376,209,209,133,164,136,0,0.00999999999999801,232.60098139198766,19554304,,,,0.009999999999999787,232.60098139202898,54521856,0,0,0,0,0,0
matrix,1600-1-one.json.gz,1600,one,1,48000,46276,1542.5333333333333,0.9642291666666667,1542.5582877636896,0.004052596999997604,46283,1275,0,62,0,0,380,True,False,256,0,-0.8022780000374041,0.4436843616394981,1.8147855114139937,25.01532951648787,225.92373183017844,0,47620,3.3393749999959255,5.005013099951067,18.933015120008022,1890.574918000024,275,46283,3.901885678726103,6.05228126355687,31.440512791978293,1917.8290188274186,275,46283,3.3530204999869966,5.659448250017349,80.02961029003032,2000.517000999991,337,47620,0.14666599997508456,0.4185420000267186,1.7954774400010507,219.66983300001448,0,46283,3.1833749999923384,4.617262800029858,13.50088437999332,1885.7071259999975,275,46283,0.0028339999862510012,0.005625000027976057,0.010583999995269551,0.8592089999983727,0,46283,0,275,0,13.979999999999999,46.60124623848771,20942848,4.32,14.400385103738694,3887104,8.930000000000001,29.767462726015403,65384448,961,961,355,788,629,0,0,0.0,20893696,0,0.0,3887104,0,0.0,65384448,0,0,0,0,0,0
matrix,1600-1-four.json.gz,1600,four,1,48000,47993,1599.7666666666667,1.0,1599.8164225586725,0.0034424720000174602,48000,0,0,0,0,0,0,False,False,26,0,-0.9444869999697403,0.40849559409934955,1.5489579395229611,1.9518374148321351,7.22904439323429,0,48000,3.205103499993811,4.547375000013017,5.830875920003923,1246.571916999983,64,48000,3.7903816377711337,5.542333335938021,6.835966377544232,1247.8107633526724,64,48000,3.205103499993811,4.547375000013017,5.830875920003923,1246.571916999983,64,48000,0.1513750000303844,0.34179099998082163,0.6466479200015648,6.978708000016923,0,48000,3.0466039999901113,4.2644274000031155,5.381524999998538,1245.4101669999873,64,48000,0.002999999993335223,0.005208000004131463,0.008332999983394984,0.34945800001696625,0,48000,0,64,0,13.83,46.10145140738447,20938752,4.75,15.833831828277384,3919872,8.29,27.63420333819358,66002944,79,79,64,73,66,0,0,0.0,20897792,0,0.0,3919872,0,0.0,66002944,0,0,0,0,0,0
matrix,1600-2-four.json.gz,1600,four,2,48000,47085,1569.5,0.9810833333333333,1556.8850479304479,0.24757676399997308,47092,844,0,64,0,0,0,False,True,232,0,-0.34923599997682686,0.43340033999993466,1.7052977447090605,6.699019325932841,78.22775267226098,0,48000,3.305936999992582,5.04559360000203,13.926135499999827,1900.4507099999719,264,47092,3.879095409144611,6.087065759079814,17.14375434720323,1923.0952940098541,264,47092,3.3071879999788507,5.280504149973058,20.692845830013017,2011.8669170000176,328,48000,0.14645800001744647,0.41116645004422026,1.461216749996519,101.49166700000569,0,47092,3.1481249999956162,4.664043599972907,11.332296779997463,1886.0886260000043,264,47092,0.0027919999774894677,0.005458000032376731,0.010415999955457665,0.46974999997837585,0,47092,0,264,0,14.149999999999999,47.16721574965861,19554304,4.970000000000001,16.566859524791756,4030464,8.57,28.566999220817973,66002944,651,651,401,540,432,0,0.010000000000001563,4.033461597413576,19505152,0,0.0,4030464,0.00999999999999801,4.033461597412144,66002944,0,0,1,1,1,0
matrix,1600-2-one.json.gz,1600,one,2,48000,46385,1546.1666666666667,0.9666666666666667,1503.188979102898,0.8677090140000132,46400,1105,0,75,0,0,420,True,False,256,-9,0.8518470000353773,0.4330546759692879,1.7309267091023708,26.33847775416244,144.125173714845,0,47580,3.3207294999890564,5.505472600015128,23.06859433995982,1986.4347930000013,358,46400,3.8873252304642847,6.384243872801654,28.170355111056963,2121.053683904148,358,46400,3.322604000002684,5.999437850000142,185.26080243000925,2005.9054170000054,433,47580,0.14400000003297464,0.4258360499959964,1.4451632400005356,194.75587499999847,0,46400,3.162020499985374,5.044253850015051,15.730632000016143,1886.2839180000046,358,46400,0.0027919999756704783,0.005375000000640284,0.010542410039088365,126.02549999996882,0,46400,0,358,0,14.21,47.36532173309253,21233664,4.300000000000001,14.332926351322865,3878912,8.840000000000003,29.465829987370736,66002944,1185,1185,433,953,759,0,0.029999999999997584,3.460777754635367,21041152,0.009999999999999787,1.1535925848785238,3878912,0.030000000000001137,3.4607777546357767,66002944,16,16,8,30,30,0
matrix,1600-2-direct.json.gz,1600,direct,2,48000,47915,1597.1666666666667,0.9985,1547.1824545719578,0.9776005139999597,47928,0,0,72,0,0,0,False,False,149,,-0.8549030000040148,0.38608740511131145,1.5433847298343617,2.0941860643858883,23.617882387810823,0,48000,3.3382914999720015,4.96726480001762,10.281926999931349,1886.3934180000106,346,47928,3.8629424462851603,5.919246528605299,12.846382481728876,1898.0299119909214,346,47928,3.33929150002632,4.987296150010479,13.687367499963866,2002.3310430000256,418,48000,0.15245800000229792,0.4357619500004149,1.8086485699795873,1063.994209000044,346,47928,3.1367920000211598,4.445158649933729,6.436421069981685,828.2967090000284,0,47928,0.003375000005689799,0.24473355008467504,0.6189055900085856,6.621291999977984,0,47928,346,0,0,15.079999999999998,50.268099144958775,21262336,,,,8.799999999999997,29.33416926231016,66002944,895,895,410,691,563,0,0.020000000000003126,2.0440379451651465,21147648,,,,0.030000000000001137,3.066056917747357,66002944,0,0,8,8,8,0
matrix,1600-3-one.json.gz,1600,one,3,48000,47985,1599.5,0.9998125,1599.4670746748934,0.004368805000012799,47991,0,0,9,0,0,0,False,False,67,0,-0.7648199999721328,0.40466287802905754,1.5411577766852134,1.9752838401227113,21.40587842831519,0,48000,3.353166000008059,4.491104000011546,5.962946100088718,1855.9259180000254,132,47991,3.8773796283658157,5.522553266195246,6.996383213572696,1861.9118564546866,132,47991,3.3534789999994246,4.493213149976327,6.023264589998692,2000.1810420000074,141,48000,0.15258299993001856,0.34268750005139736,0.6373002999678646,14.675458000056096,0,47991,3.194708999899376,4.243145499970069,5.340178600068428,1850.6772509999792,132,47991,0.002999999992425728,0.005165999937162269,0.009542000043438748,0.7349169999324658,0,47991,0,132,0,13.63,45.43449164026317,19554304,4.12,13.733683459859446,3682304,8.280000000000001,27.60070365233889,66002944,376,376,141,296,220,0,0,0.0,19492864,0,0.0,3682304,0,0.0,66002944,0,0,0,0,0,0
matrix,1600-3-four.json.gz,1600,four,3,48000,47655,1588.5,0.9929166666666667,1588.4705317503308,0.0037042220000103043,47660,301,0,39,0,0,0,False,False,199,0,-0.7191949999878489,0.40723406041706767,1.6007105559875405,2.2271561284811545,32.2214679947474,0,48000,3.2951879999250195,4.612561850029125,8.003324160029875,1478.077333999976,158,47660,3.8396700630100895,5.732676473349693,9.248948410443846,1480.6078447612163,158,47660,3.296124999962558,4.666427399951091,11.460901079948401,2000.5445009999203,197,48000,0.1571665000046778,0.36400204999154095,0.7983192499722044,47.433000000069114,0,47660,3.1330830000802052,4.3307708000098515,6.770407779969773,1476.8185419999318,158,47660,0.0030830000241621747,0.005458000032376731,0.009333999969385331,0.3003340000304888,0,47660,0,158,0,14.26,47.5344728851742,20250624,4.96,16.533729699191028,3944448,8.680000000000007,28.93402697358432,66002944,380,380,236,309,242,0,0,0.0,20189184,0,0.0,3944448,0,0.0,66002944,0,0,0,0,0,0
matrix,1600-3-direct.json.gz,1600,direct,3,48000,47821,1594.0333333333333,0.9965,1548.284585864937,0.8935453060000782,47832,0,0,103,0,0,65,True,False,256,,-0.8182359999864275,0.3718285937975452,1.5684722509086,2.128190936488396,74.02679399243516,0,47935,3.3002920000053564,4.877866699978631,9.621193959948979,1889.1125840000323,306,47832,3.8018571906031866,5.861237084544335,10.999845084648701,1922.1695099299159,306,47832,3.302458000007391,4.917541999963942,16.311315439964716,2001.0101259999828,409,47935,0.16229200002680955,0.44191279998813093,1.874107729975102,1064.0577089999388,306,47832,3.084603999980118,4.359098250051829,6.17622124994683,830.501959000002,0,47832,0.0036249999757274054,0.2589275999997875,0.6677736900084642,7.957832999977654,0,47832,306,0,0,16.619999999999997,55.40151105035983,21512192,,,,9.549999999999997,31.83420159632589,66002944,1205,1205,407,932,776,0,0,0.0,21479424,,,,0.010000000000005116,1.1181135556624013,66002944,0,0,2,2,2,0
matrix,2400-1-one.json.gz,2400,one,1,72000,70781,2359.366666666667,0.9831805555555555,2359.3627297640805,0.0034408050000820367,70789,1130,0,81,0,0,0,False,False,137,0,-0.7508200000074794,0.33838025178465614,1.2300082424375893,1.908890156202168,19.14551707796636,0,72000,3.0758749999222346,4.471600199987007,9.52617796002492,1888.251375999971,460,70789,3.5591693946880696,5.227008920754088,11.41365180750436,1892.4334451197974,460,70789,3.0726659999818366,4.504679449991,11.639709410007956,2000.6136670000378,541,72000,0.1285419999703663,0.3052746000099435,0.9997829999936192,25.385583999992377,0,70789,2.9417910000120173,4.191667000008605,7.610796040066728,1888.1021670000555,460,70789,0.0021250000390864443,0.00391700007385225,0.007125000025553163,1.7941670000727754,0,70789,0,460,0,15.850000000000001,52.834655643871706,21278720,4.680000000000001,15.600390436171581,3739648,8.980000000000004,29.9340825035942,72527872,1243,1243,604,1047,843,0,0.00999999999999801,238.57095994475773,21217280,0,0.0,3739648,0.010000000000005116,238.57095994492724,72540160,0,0,0,0,0,0
matrix,2400-1-direct.json.gz,2400,direct,1,72000,71617,2387.233333333333,0.9962777777777778,2281.322146004857,1.4431699730000673,71732,0,0,119,0,0,149,True,True,256,,-0.9468199999673743,0.27323548587628466,1.2150564827302333,1.8900661681054771,70.05882172853853,0,71851,3.132770500087645,4.596491699994021,10.87037653997831,1889.4631260000097,576,71732,3.55452600030425,5.356108076748569,17.821241202285336,1901.7541433776987,576,71732,3.133707999950275,4.620125000032203,28.413124999985484,2010.818208999921,695,71851,0.13879200003066217,0.342374999996764,2.0153067499700494,1065.338167000049,576,71732,2.948250000032658,4.1352268999834445,5.6178472700241935,828.8757919999625,0,71732,0.002750000021478627,0.28210190000663704,0.627028980015266,25.467875000003914,0,71732,576,0,0,19.62,65.40206413274534,21876736,,,,10.220000000000013,34.06774186731184,81068032,1734,1734,552,1340,1125,0,0.08000000000000185,5.5397181438357475,21721088,,,,0.05999999999998806,4.154788607875888,81068032,328,328,143,327,244,0
matrix,2400-1-four.json.gz,2400,four,1,72000,67554,2251.8,0.9388888888888889,2182.982923759394,0.9668020139999953,67600,3475,0,139,0,0,786,True,False,256,0,-0.46865299998444243,0.3467868324041774,1.375287252077216,7.5427341967081745,325.64206099178773,0,71214,3.0677910000345037,4.9274461499758235,30.755172920028823,1523.1378749999749,519,67600,3.5492095124718617,5.685153625131989,33.97839793502684,1539.444875782493,519,67600,3.0669579999776033,5.66164999993899,355.70864488001894,2003.983792999974,658,71214,0.1343329999490379,0.33604099996609876,1.2749004200349967,357.6114579999512,0,67600,2.9318330000496644,4.591971450089205,23.21371667001405,1486.8760839999595,519,67600,0.0022090000566095114,0.004624999972293153,0.00887499993405072,4.2239169999902515,0,67600,0,519,0,16.909999999999997,56.36754722733698,21307392,6.19,20.63365566748764,4079616,10.36999999999999,34.5672066675035,83132416,1222,1222,780,1036,875,0,0.05000000000000071,5.169183942595641,21172224,0,0.0,4079616,0.020000000000010232,2.067673577039285,83132416,13,13,32,47,34,0
matrix,2400-2-four.json.gz,2400,four,2,72000,64248,2141.6,0.8931527777777778,2077.943593759879,0.9474233050000294,64307,6775,0,166,0,0,752,True,False,256,0,-0.8870279999655395,0.3617837079664241,1.9494094378068652,28.536068156001964,195.53064290016118,0,71248,3.138166999974601,6.19324980000328,1021.996730979965,1861.8095429999375,763,64307,3.6505041750606324,7.061002083105813,1024.6097564630543,1871.7523830335685,763,64307,3.1244579999984126,9.095166450031998,1028.9044377299713,2220.461376000003,929,71248,0.1362079999580601,0.5014079000147826,3.2344179799587818,260.49812500002736,0,64307,3.001332999931037,5.531395600041559,1019.8528209999749,1861.220126000033,763,64307,0.0022499999668070814,0.004625000088708475,0.00987500004697722,2.6064160000460106,0,64307,0,763,0,18.18,60.60179184954062,19689472,6.79,22.63400256646759,4079616,11.259999999999991,37.53444313673415,84459520,1690,1690,1060,1398,1180,0,0.03999999999999915,4.218028487937963,19603456,0,0.0,4079616,0.020000000000010232,2.1090142439701056,84459520,46,46,52,76,55,0
matrix,2400-2-direct.json.gz,2400,direct,2,72000,70772,2359.0666666666666,0.983375,2247.8855135050135,1.4976005560000658,70803,0,0,434,0,0,763,True,True,256,,-0.88861199992607,0.2916855031085106,1.3445891413908604,2.3984361198908264,155.65827870194607,0,71237,3.1464999999552674,5.0386503000027,1026.272355019934,1891.0125009999774,1061,70803,3.590374054383574,5.794157477533006,1027.2675865358394,2018.310701156056,1061,70803,3.14995800010729,5.238858200027607,1242.0501038799464,2003.2294179999335,1495,71237,0.1352919999808364,0.4073162999939076,1018.2511488600085,1167.0906679999007,1061,70803,2.961874999982683,4.3460419000554795,7.5068093400258045,828.9520419999681,0,70803,0.002666000000317581,0.2837499999949614,0.6574464800765393,20.541750000006687,0,70803,1061,0,0,19.47,64.90192242090272,22548480,,,,10.330000000000013,34.434353292651565,84459520,5187,5187,1437,4156,3486,0,0.060000000000002274,4.004032947404168,22437888,,,,0.03999999999999204,2.669355298268813,84459520,78,78,61,111,106,0
matrix,2400-2-one.json.gz,2400,one,2,72000,66860,2228.6666666666665,0.9288611111111111,2159.4807739699827,0.9694815560000052,66878,4971,0,62,0,0,89,True,True,256,0,-0.9049440000126197,0.34093384521656844,1.4364654928813252,3.341103206213748,62.58481877763916,0,71911,3.1356670000377562,5.636477549990379,1019.4695955900726,1904.1640839999454,772,66878,3.637984907964892,6.359985776152916,1020.2299166628854,1908.4454232977314,772,66878,3.1115829999635025,5.973853999990297,1020.3213047999855,2000.8319170000286,834,71911,0.1323330000104761,0.3793392999739354,1.3664230699891586,98.26008300001195,0,66878,2.999354499990659,5.167089299964482,1018.407589339999,1899.4465419999633,772,66878,0.002249999964988092,0.004340150064490504,0.008791229997295882,0.4137079999964044,0,66878,0,772,0,17.11,57.03505378432375,21463040,5.08,16.933844139355035,3870720,10.030000000000001,33.434341873569096,84459520,1703,1703,878,1416,1135,0,0.010000000000001563,1.0305172217463228,21319680,0.009999999999999787,1.0305172217461396,3870720,0.030000000000001137,3.091551665238602,84459520,0,0,9,9,9,0
matrix,2400-3-direct.json.gz,2400,direct,3,72000,70853,2361.766666666667,0.985,2249.899243059133,1.5214115560000891,70920,0,0,509,0,0,571,True,True,256,,5.330931000003147,0.28418437033360533,1.3266022073152286,2.8261392552958573,62.63379358339398,0,71429,3.1297080000172173,4.83978750008305,1019.2198109799493,1888.6485420000572,854,70920,3.561801462894266,5.617850101181377,1022.508725448306,1921.0498127310398,854,70920,3.1329589999113523,5.056616399998895,1266.7593174799867,2006.3962089999477,1363,71429,0.1366249999809952,0.3850871999693939,1013.585546499983,1079.5372500000412,852,70920,2.9488749999572974,4.22176875005589,7.883764019971731,829.0534579999767,0,70920,0.0026249999791616574,0.2765410500605867,0.6619839799861871,64.1701669999311,0,70920,854,0,0,19.53,65.08843393499315,21958656,,,,10.379999999999995,34.59385275193183,84566016,5328,5328,1328,4212,3635,0,0.0799999999999983,5.27676422221897,21901312,,,,0.04999999999998295,3.297977638885802,84566016,104,104,36,165,149,0
matrix,2400-3-four.json.gz,2400,four,3,72000,66504,2216.8,0.9244861111111111,2144.215091415239,1.043061056000056,66563,5079,0,159,0,0,199,True,False,256,0,-0.9371529999953054,0.34958540401567006,1.6678811003475857,16.178304231794755,85.27901454815583,0,71801,3.082915999925717,5.338395299976037,101.53952053999392,1892.9661669999405,625,66563,3.574290091459261,6.082945943191009,115.2783397432692,1893.1811870510355,625,66563,3.077874999915366,6.950624999943102,1012.095584000006,2046.8496260000393,784,71801,0.13333300000795134,0.3788162999066119,2.673262080000501,106.24620800001867,0,66563,2.9488750000127766,4.871163099939441,52.09409154001628,1892.4552090001052,625,66563,0.002207999958045548,0.004332999992584519,0.008890580014267662,0.36550000004353933,0,66563,0,625,0,17.52,58.40182438149748,21401600,6.44,21.467337272650898,4063232,10.550000000000011,35.167765252557025,84459520,1848,1848,913,1586,1345,0,0.03999999999999915,3.831424197395073,21307392,0.009999999999999787,0.9578560493487682,4063232,0.030000000000001137,2.8735681480464748,84459520,44,44,50,75,58,0
matrix,2400-3-one.json.gz,2400,one,3,72000,70272,2342.4,0.9765833333333334,2236.2084151803388,1.4434019310000394,70314,1628,0,58,0,0,0,False,False,149,0,-0.8776949999855788,0.33680610880173845,1.2725952852840237,2.021057957900916,29.56971770461587,0,72000,3.087082999969425,4.5479477000535615,10.61048375004412,1894.7792509999308,489,70314,3.576341632528056,5.334151486714792,12.360605683078568,1900.6706073857051,489,70314,3.0816665000088506,4.588966350002875,11.739011750051827,2006.4945419999276,547,72000,0.13016699995205272,0.31787499995034524,0.9193371699661916,32.57124999993266,0,70314,2.9515840000167373,4.266014700032429,8.736852330017648,1890.2203339999915,489,70314,0.002166000056604389,0.004042000000481494,0.007542000046669273,0.42633299995213747,0,70314,0,489,0,16.11,53.701571120015444,21073920,4.74,15.800462266224285,3743744,9.129999999999995,30.434223732199925,84459520,1084,1084,527,891,856,0,0.029999999999997584,2.0771600914348882,20992000,0.009999999999999787,0.6923866971450038,3743744,0.03999999999999204,2.769546788579523,84459520,84,84,44,89,101,0
